frame,timestamp_s
0,0.005004
1,1.588511
2,1.723129
3,1.920941
4,2.114472
5,2.324120
6,2.516721
7,2.707823
8,2.916379
9,3.112145
10,3.313963
11,3.516830
12,3.713298
13,3.929591
14,4.122709
15,4.322659
16,4.517077
17,4.714330
18,4.910362
19,5.354430
20,5.531759
21,5.727066
22,5.927501
23,6.122343
24,6.328572
25,6.511241
26,6.720279
27,6.911528
28,7.116812
29,7.321076
30,7.520150
31,7.720301
32,7.934157
33,8.121439
34,8.318038
35,8.518929
36,8.717653
37,8.923662
38,9.121406
39,9.317459
40,9.530312
41,9.722785
42,9.920718
43,10.118856
44,10.329143
45,10.528329
46,10.749282
47,10.927672
48,11.124588
49,11.325681
50,11.525851
51,11.726429
52,11.924715
53,12.118386
54,12.322567
55,12.528306
56,12.722794
57,12.933203
58,13.127708
59,13.338859
60,13.526766
61,13.723564
62,13.937704
63,14.121234
64,14.322217
65,14.535013
66,14.720440
67,14.927868
68,15.125968
69,15.327128
70,15.526748
71,15.725826
72,15.923375
73,16.143446
74,16.317924
75,16.529715
76,16.759096
77,16.931535
78,17.132945
79,17.324311
80,17.534682
81,17.727897
82,17.932154
83,18.127805
84,18.331309
85,18.537179
86,18.725898
87,18.930150
88,19.128182
89,19.330721
90,19.534317
91,19.741448
92,19.936836
93,20.130261
94,20.330323
95,20.537384
96,20.740635
97,20.933314
98,21.130548
99,21.386341
100,21.538207
101,21.726138
102,21.939052
103,22.136686
104,22.332554
105,22.526262
106,22.736960
107,22.931527
108,23.131738
109,23.329112
110,23.527729
111,23.733398
112,23.934443
113,24.146371
114,24.333644
115,24.542317
116,24.741534
117,24.941036
118,25.136844
119,25.343099
120,25.542415
121,25.739919
122,25.931434
123,26.139540
124,26.344807
125,26.538860
126,26.746682
127,26.939018
128,27.141961
129,27.353399
130,27.541348
131,27.744176
132,27.941882
133,28.150082
134,28.342639
135,28.548242
136,28.749882
137,28.945382
138,29.138206
139,29.350816
140,29.545144
141,29.736590
142,29.932122
143,30.130467
144,30.334266
145,30.531746
146,30.742163
147,30.954590
148,31.152769
149,31.346247
150,31.541061
151,31.741699
152,31.957447
153,32.137317
154,32.346326
155,32.544628
156,32.759109
157,32.947454
158,33.140190
159,33.349715
160,33.552041
161,33.754355
162,33.950447
163,34.144541
164,34.360236
165,34.548108
166,34.736152
167,34.952068
168,35.146092
169,35.349503
170,35.595492
171,35.842684
172,35.943084
173,36.157269
174,36.343771
175,36.542606
176,36.757894
177,36.961967
