frame,timestamp_s,world_x,world_y,world_z,camera_z
0,14.754782,2.0761,-0.0526,0.3379,4.7870
1,16.519433,2.0224,-0.0854,0.3361,4.7264
2,16.651410,2.0269,-0.0859,0.3367,4.7290
3,16.788002,2.0428,-0.0756,0.3344,4.7474
4,16.927097,2.0586,-0.0668,0.3350,4.7646
5,17.064376,2.0453,-0.0744,0.3315,4.7499
6,17.198779,2.0523,-0.0691,0.3351,4.7586
7,17.335379,2.0559,-0.0661,0.3386,4.7633
8,17.459038,2.0461,-0.0722,0.3362,4.7521
9,17.583586,2.0526,-0.0680,0.3377,4.7597
10,17.722233,2.0526,-0.0681,0.3337,4.7596
11,17.837048,2.0451,-0.0725,0.3324,4.7512
12,17.943352,2.0555,-0.0656,0.3392,4.7634
13,18.073177,2.0679,-0.0608,0.3375,4.7754
14,18.206142,2.0542,-0.0658,0.3376,4.7624
15,18.333086,2.0452,-0.0719,0.3359,4.7517
16,18.469993,2.0495,-0.0728,0.3368,4.7540
17,18.604498,2.0536,-0.0719,0.3364,4.7575
18,18.727548,2.0603,-0.0680,0.3391,4.7650
19,18.872364,2.0992,-0.0434,0.3427,4.8095
20,19.000284,2.1628,0.0020,0.3490,4.8861
21,19.137737,2.1973,0.0127,0.3510,4.9174
22,19.295710,2.2291,0.0209,0.3489,4.9452
23,19.449105,2.2929,0.0231,0.3476,4.9902
24,19.589186,2.2914,0.0075,0.3458,4.9778
25,19.720900,2.2326,-0.0500,0.3384,4.8955
26,19.854190,2.2048,-0.1003,0.3376,4.8397
27,20.004641,2.1893,-0.1555,0.3336,4.7888
28,20.142065,2.2228,-0.1912,0.3394,4.7855
29,20.281266,2.1916,-0.2547,0.3384,4.7178
30,20.412793,2.1283,-0.3050,0.3359,4.6378
31,20.556731,2.0966,-0.3300,0.3416,4.5980
32,20.685862,2.0257,-0.3673,0.3316,4.5222
33,20.807648,1.9277,-0.4039,0.3108,4.4284
34,20.946251,1.8089,-0.4261,0.3154,4.3312
35,21.070225,1.7236,-0.4253,0.3155,4.2737
36,21.198597,1.6135,-0.4385,0.3146,4.1890
37,21.328932,1.4573,-0.4844,0.3025,4.0488
38,21.464488,1.3778,-0.4800,0.3020,3.9978
39,21.613729,1.2634,-0.4935,0.2872,3.9099
40,21.754112,1.1894,-0.4770,0.3129,3.8719
41,21.885895,1.0770,-0.4905,0.3086,3.7854
42,22.010675,0.9537,-0.5152,0.3083,3.6832
43,22.138245,0.8525,-0.5034,0.3055,3.6229
44,22.251644,0.7472,-0.4568,0.2926,3.5851
45,22.372844,0.6303,-0.4054,0.3007,3.5432
46,22.520603,0.6033,-0.3485,0.3112,3.5666
47,22.663623,0.5981,-0.2813,0.3226,3.6123
48,22.797158,0.5917,-0.2228,0.3085,3.6506
49,22.950910,0.5104,-0.2223,0.2853,3.5953
50,23.085333,0.4503,-0.1968,0.2907,3.5730
51,23.209314,0.3885,-0.2092,0.2847,3.5218
52,23.346260,0.3683,-0.2210,0.2869,3.4995
53,23.472306,0.3349,-0.2750,0.2855,3.4371
54,23.611628,0.2953,-0.3509,0.2936,3.3547
55,23.766826,0.2258,-0.4482,0.2867,3.2361
56,23.893980,0.1802,-0.5257,0.2827,3.1482
57,24.018990,0.1462,-0.5897,0.2926,3.0783
58,24.155508,0.1415,-0.6267,0.3061,3.0483
59,24.288499,0.1441,-0.6507,0.3107,3.0325
60,24.420952,0.2160,-0.6570,0.3166,3.0770
61,24.545165,0.2949,-0.6678,0.3041,3.1227
62,24.697255,0.4188,-0.6266,0.3180,3.2375
63,24.820992,0.4845,-0.6496,0.3064,3.2651
64,24.964378,0.5595,-0.6685,0.3063,3.3025
65,25.102573,0.6476,-0.6736,0.2965,3.3587
66,25.227000,0.7807,-0.6673,0.2994,3.4540
67,25.360699,0.9158,-0.6494,0.3162,3.5593
68,25.480322,1.0223,-0.6196,0.3306,3.6539
69,25.609044,1.1267,-0.5813,0.3303,3.7530
70,25.750775,1.2173,-0.5464,0.3149,3.8401
71,25.879103,1.3122,-0.4934,0.3000,3.9433
72,26.010771,1.4290,-0.4117,0.3203,4.0830
73,26.155724,1.5194,-0.3463,0.3242,4.1925
74,26.291099,1.5715,-0.3113,0.3171,4.2536
75,26.426153,1.6742,-0.2318,0.3140,4.3816
76,26.557075,1.8186,-0.1308,0.3256,4.5541
77,26.674380,1.9100,-0.0531,0.3368,4.6734
78,26.785016,1.9497,0.0043,0.3405,4.7425
79,26.935624,1.9075,0.0276,0.3295,4.7306
80,27.068986,1.9259,0.1008,0.3252,4.7967
81,27.311024,1.8616,0.3018,0.3113,4.8998
82,27.429556,1.9198,0.4453,0.3451,5.0450
83,27.537912,1.9356,0.5667,0.3440,5.1445
84,27.671584,1.8698,0.6394,0.3246,5.1526
85,27.809700,1.8328,0.7091,0.3298,5.1785
86,27.943212,1.9361,0.8447,0.3559,5.3486
87,28.087750,1.9132,0.8876,0.3468,5.3642
88,28.210561,1.8831,0.8887,0.3518,5.3445
89,28.349429,1.8254,0.8797,0.3576,5.2987
90,28.474253,1.7084,0.7993,0.3366,5.1599
91,28.609203,1.6366,0.7748,0.3458,5.0931
92,28.743947,1.5767,0.7400,0.3383,5.0268
93,28.879102,1.5785,0.7431,0.3379,5.0302
94,29.010840,1.5162,0.6977,0.3013,4.9541
95,29.143407,1.5218,0.7346,0.2728,4.9845
96,29.283161,1.5408,0.7781,0.2217,5.0286
97,29.406334,1.5879,0.8662,0.1365,5.1240
98,29.542886,1.6459,0.9318,-0.0166,5.2093
99,29.682590,1.7732,1.0861,-0.1589,5.4070
100,29.809978,1.9135,1.2270,-0.3065,5.6037
101,29.946930,1.9070,1.2402,-0.3403,5.6084
102,30.079210,1.9329,1.2994,-0.3292,5.6696
103,30.212382,1.8722,1.2567,-0.3446,5.5967
104,30.338919,1.9444,1.3259,-0.3548,5.6965
105,30.485353,2.0667,1.4268,-0.3737,5.8533
106,30.604480,2.2584,1.5766,-0.4231,6.0929
107,30.747666,2.4969,1.8226,-0.4690,6.4348
108,30.881087,2.6501,1.9954,-0.4990,6.6652
109,31.028306,2.7525,2.0959,-0.5318,6.8081
110,31.147266,2.6714,2.0020,-0.5231,6.6842
111,31.279398,2.7470,2.0356,-0.5119,6.7605
112,31.411057,2.7308,2.0333,-0.4953,6.7479
113,31.544814,2.7234,2.0175,-0.4720,6.7317
114,31.681082,2.5891,1.8794,-0.4672,6.5392
115,31.811039,2.5258,1.7922,-0.4617,6.4324
116,31.937503,2.5154,1.7713,-0.4408,6.4103
117,32.086150,2.3381,1.6287,-0.4368,6.1851
118,32.216017,2.3503,1.6341,-0.4183,6.1976
119,32.345093,2.3930,1.6514,-0.4354,6.2392
120,32.486433,2.4459,1.7064,-0.4354,6.3155
121,32.616979,2.4487,1.7129,-0.4570,6.3218
122,32.744868,2.4680,1.7548,-0.4700,6.3655
123,32.879597,2.5431,1.8138,-0.4879,6.4596
124,33.016304,2.6250,1.8936,-0.5059,6.5735
125,33.143663,2.6535,1.9333,-0.5176,6.6219
126,33.286612,2.6397,1.9174,-0.5266,6.6006
127,33.418095,2.6577,1.9795,-0.5135,6.6585
128,33.545126,2.4517,1.8297,-0.4933,6.4089
129,33.685217,2.2184,1.6434,-0.4537,6.1141
130,33.817051,2.0931,1.5380,-0.4337,5.9519
131,33.944443,2.0444,1.5066,-0.4002,5.8962
132,34.080233,1.9941,1.4530,-0.3000,5.8240
133,34.211220,1.7668,1.2495,-0.1381,5.5225
134,34.346531,1.6238,1.0980,0.0023,5.3162
135,34.486027,1.6374,1.1385,0.1272,5.3568
136,34.611454,1.7303,1.1769,0.2024,5.4493
137,34.744319,1.6769,1.1035,0.2123,5.3593
138,34.880689,1.5976,1.0224,0.2496,5.2464
139,35.013436,1.5613,0.9740,0.2942,5.1868
140,35.147884,1.5758,0.9588,0.3194,5.1860
141,35.286608,1.6133,0.9404,0.3270,5.1982
142,35.414136,1.6264,0.8988,0.3206,5.1766
143,35.551044,1.5976,0.8313,0.3090,5.1074
144,35.692912,1.6069,0.7980,0.3181,5.0895
145,35.816195,1.6219,0.7767,0.3249,5.0843
146,35.951630,1.6211,0.7529,0.3337,5.0664
147,36.092323,1.6587,0.7551,0.3426,5.0937
148,36.217011,1.7403,0.7399,0.3315,5.1380
149,36.346008,1.8922,0.7413,0.3344,5.2427
150,36.486601,1.9500,0.6673,0.3361,5.2279
151,36.616493,1.9526,0.5982,0.3396,5.1791
152,36.753371,1.9423,0.5604,0.3539,5.1446
153,36.887692,1.8852,0.4888,0.3471,5.0532
154,37.017948,1.8946,0.4889,0.3561,5.0598
155,37.148728,1.9375,0.5417,0.3607,5.1278
156,37.287103,1.9499,0.5756,0.3624,5.1611
157,37.420972,1.9410,0.6031,0.3485,5.1749
158,37.560585,1.9475,0.6766,0.3559,5.2332
159,37.689761,2.0119,0.7568,0.3592,5.3358
160,37.820451,2.0059,0.7776,0.3441,5.3468
161,37.953367,2.0237,0.8010,0.3525,5.3761
162,38.084885,1.9811,0.7717,0.3390,5.3255
163,38.220693,2.0307,0.8032,0.3478,5.3824
164,38.351280,2.1014,0.8532,0.3496,5.4673
165,38.484100,2.1787,0.9064,0.3585,5.5590
166,38.618835,2.1332,0.8787,0.3497,5.5075
167,38.754217,2.1146,0.8971,0.3697,5.5087
168,38.886741,2.0829,0.9206,0.3801,5.5044
169,39.018630,2.0539,0.9625,0.3812,5.5153
170,39.152849,2.0228,0.9797,0.3838,5.5068
171,39.280381,2.0009,1.0104,0.3987,5.5145
172,39.422464,2.1105,1.1512,0.3799,5.6919
173,39.551057,2.2093,1.2440,0.3841,5.8272
174,39.688190,2.2168,1.2490,0.3780,5.8359
175,39.818543,2.2087,1.2328,0.3789,5.8186
176,39.949409,2.2140,1.2284,0.3784,5.8190
177,40.090714,2.2128,1.2264,0.3878,5.8168
178,40.219847,2.2373,1.2331,0.3946,5.8385
179,40.345784,2.2473,1.2393,0.3862,5.8497
180,40.489594,2.2370,1.2290,0.3883,5.8352
181,40.618117,2.2115,1.2076,0.3837,5.8021
182,40.755480,2.1802,1.1748,0.3843,5.7568
183,40.886356,2.1518,1.1525,0.3918,5.7212
184,41.021966,2.1611,1.1587,0.3914,5.7321
185,41.148459,2.1561,1.1534,0.3955,5.7248
186,41.296104,2.1678,1.1598,0.4005,5.7376
187,41.417740,2.1219,1.1198,0.4044,5.6771
188,41.548103,2.1502,1.1419,0.4136,5.7127
189,41.683127,2.1491,1.1390,0.3956,5.7096
190,41.820251,2.1395,1.1329,0.3988,5.6986
191,41.953569,2.1563,1.1525,0.3987,5.7244
192,42.104547,2.2197,1.2104,0.4016,5.8100
193,42.226153,2.1930,1.1856,0.3966,5.7736
194,42.358466,2.1452,1.1431,0.3996,5.7100
195,42.482755,2.1207,1.1185,0.4048,5.6753
196,42.617560,2.1549,1.1519,0.4003,5.7230
197,42.752945,2.2299,1.2068,0.3943,5.8142
198,42.884039,2.2246,1.2054,0.3924,5.8096
199,43.020876,2.1305,1.1210,0.4075,5.6838
200,43.151145,2.1099,1.0999,0.3994,5.6543
201,43.287214,2.1392,1.1271,0.4062,5.6942
202,43.416317,2.1658,1.1475,0.4026,5.7273
203,43.553976,2.1332,1.1190,0.4132,5.6844
204,43.691175,2.1195,1.1001,0.4097,5.6612
205,43.820886,2.1095,1.0923,0.4163,5.6487
206,43.952214,2.1056,1.0940,0.4152,5.6472
207,44.095375,2.0454,1.0501,0.4237,5.5743
208,44.219202,2.0358,1.0416,0.4193,5.5614
209,44.354268,2.0692,1.0650,0.4225,5.6014
210,44.488279,2.0386,1.0379,0.4200,5.5606
211,44.616424,1.9926,0.9986,0.4233,5.5005
212,44.751920,2.0346,1.0338,0.4174,5.5549
213,44.886304,2.0650,1.0649,0.4135,5.5983
214,45.025258,2.1038,1.0981,0.4149,5.6491
215,45.156908,1.9992,1.0131,0.4387,5.5159
216,45.287432,2.0540,1.0601,0.4157,5.5873
217,45.416862,2.0407,1.0469,0.4115,5.5685
218,45.554534,2.0800,1.0772,0.4153,5.6175
219,45.696038,2.0411,1.0270,0.4078,5.5542
220,45.822524,2.0462,1.0273,0.4093,5.5579
221,45.950563,2.0053,0.9897,0.4108,5.5025
222,46.087874,2.0199,1.0146,0.4199,5.5308
223,46.229447,2.0364,1.0346,0.4236,5.5568
224,46.361407,2.0676,1.0683,0.4165,5.6026
225,46.499190,2.0854,1.0891,0.4094,5.6299
226,46.620111,2.0819,1.0856,0.4025,5.6248
227,46.750310,2.0888,1.0901,0.4030,5.6328
228,46.894328,2.0768,1.0788,0.4159,5.6165
229,47.017689,2.0316,1.0387,0.4123,5.5563
230,47.158799,2.0285,1.0455,0.4061,5.5591
231,47.292197,2.0026,1.0126,0.4149,5.5175
232,47.420071,1.9492,0.9698,0.4193,5.4499
233,47.562691,1.9579,0.9837,0.4244,5.4660
234,47.691943,1.9668,0.9945,0.4132,5.4799
235,47.816239,1.9608,0.9910,0.4209,5.4733
236,47.953879,1.9817,1.0169,0.4157,5.5064
237,48.094189,1.9907,1.0360,0.4277,5.5267
238,48.228798,1.9667,1.0172,0.4319,5.4967
239,48.369722,2.2739,1.3124,0.3953,5.9214
240,48.497249,2.3702,1.4280,0.3843,6.0716
241,48.621251,2.3868,1.4328,0.3667,6.0861
242,48.759708,2.4104,1.4434,0.3686,6.1099
243,48.899251,2.3927,1.3631,0.3512,6.0390
244,49.023323,2.3470,1.2524,0.3595,5.9269
245,49.155299,2.2902,1.1388,0.3433,5.8048
246,49.307410,2.2411,1.0039,0.3506,5.6728
247,49.424242,2.2125,0.8958,0.3413,5.5740
248,49.559455,2.2702,0.8123,0.3326,5.5521
249,49.698724,2.3098,0.7923,0.3456,5.5646
250,49.827112,2.3435,0.7833,0.3666,5.5813
251,49.960735,2.3276,0.7063,0.3507,5.5139
252,50.093058,2.4430,0.7152,0.3699,5.5993
253,50.226107,2.6928,0.8217,0.3526,5.8472
254,50.352736,3.0360,0.9718,0.3409,6.1907
255,50.497466,3.2218,1.0433,0.3127,6.3693
256,50.632415,3.2600,1.0377,0.3003,6.3910
257,50.776650,3.1913,0.9849,0.2984,6.3056
258,50.912386,3.1567,0.9592,0.3066,6.2633
259,51.027197,2.9893,0.8960,0.3209,6.1031
260,51.157055,2.8848,0.8653,0.3397,6.0097
261,51.294151,2.6807,0.7531,0.3271,5.7884
262,51.427745,2.5093,0.6535,0.3166,5.5985
263,51.562304,2.5836,0.7251,0.3616,5.7022
264,51.699346,2.5251,0.6989,0.3486,5.6429
265,51.826895,2.3962,0.6543,0.3398,5.5224
266,51.961260,2.3132,0.6242,0.3252,5.4436
267,52.095212,2.3447,0.6502,0.3496,5.4845
268,52.228358,2.3887,0.6698,0.3733,5.5291
269,52.366592,2.4237,0.7126,0.3662,5.5842
270,52.498230,2.3852,0.7121,0.3513,5.5574
271,52.623239,2.3615,0.7003,0.3608,5.5327
272,52.762033,2.4087,0.7353,0.3701,5.5906
273,52.892277,2.4809,0.7949,0.3772,5.6835
274,53.033757,2.3674,0.7101,0.3574,5.5439
275,53.179784,2.4178,0.7477,0.3742,5.6060
276,53.291642,2.4075,0.7449,0.3608,5.5967
277,53.429276,2.3681,0.7077,0.3589,5.5426
278,53.562706,2.2928,0.6606,0.3509,5.4568
279,53.695636,2.2655,0.6488,0.3594,5.4296
280,53.829191,2.2541,0.6511,0.3532,5.4234
281,53.965370,2.2215,0.6421,0.3518,5.3946
282,54.096063,2.2675,0.6819,0.3740,5.4554
283,54.233778,2.2644,0.6847,0.3706,5.4553
284,54.366843,2.2883,0.7044,0.3722,5.4860
285,54.496547,2.3066,0.7191,0.3727,5.5093
286,54.627461,2.3249,0.7282,0.3699,5.5283
287,54.764791,2.3278,0.7306,0.3658,5.5321
288,54.897799,2.3173,0.7181,0.3570,5.5156
289,55.028890,2.3497,0.7393,0.3809,5.5536
290,55.164158,2.3178,0.7113,0.3724,5.5112
291,55.303995,2.2085,0.6364,0.3538,5.3817
292,55.427782,2.2109,0.6455,0.3617,5.3900
293,55.562697,2.1868,0.6380,0.3521,5.3680
294,55.702383,2.1678,0.6327,0.3540,5.3512
295,55.828802,2.1911,0.6479,0.3484,5.3781
296,55.964305,2.2122,0.6560,0.3506,5.3984
297,56.095183,2.2377,0.6752,0.3668,5.4301
298,56.230190,2.2214,0.6737,0.3609,5.4179
299,56.366447,2.2364,0.6808,0.3609,5.4333
300,56.493408,2.1927,0.6468,0.3489,5.3784
301,56.631634,2.1731,0.6285,0.3530,5.3518
302,56.766900,2.1703,0.6302,0.3603,5.3511
303,56.901826,2.1767,0.6257,0.3632,5.3523
304,57.026022,2.1540,0.6060,0.3610,5.3223
305,57.167270,2.2142,0.6484,0.3729,5.3946
306,57.305158,2.2311,0.6632,0.3675,5.4168
307,57.448110,2.2464,0.6721,0.3664,5.4338
308,57.563798,2.2952,0.7067,0.3696,5.4923
309,57.706372,2.2908,0.7066,0.3594,5.4892
310,57.836618,2.3505,0.7511,0.3678,5.5625
311,57.962722,2.3930,0.7872,0.3669,5.6178
312,58.100768,2.4217,0.7967,0.3597,5.6443
313,58.223733,2.4437,0.8398,0.3603,5.6908
314,58.368989,2.3383,0.8116,0.3462,5.5982
315,58.497985,2.3451,0.8504,0.3490,5.6312
316,58.625151,2.3041,0.9180,0.3404,5.6526
317,58.763881,2.1867,0.9210,0.3468,5.5750
318,58.894068,2.1363,0.9441,0.3587,5.5576
319,59.032235,2.1104,0.9913,0.3747,5.5748
320,59.177995,2.1069,1.0311,0.3751,5.6016
321,59.303036,2.0709,1.0386,0.3812,5.5826
322,59.429140,2.0358,1.0247,0.3962,5.5487
323,59.571957,2.0471,1.0450,0.4166,5.5716
324,59.699995,2.0445,1.0466,0.4030,5.5708
325,59.836025,2.0761,1.0590,0.4119,5.6015
326,59.971400,2.0824,1.0779,0.4105,5.6197
327,60.101278,2.1003,1.0946,0.4129,5.6441
328,60.229064,2.1000,1.0892,0.4158,5.6399
329,60.369002,2.0666,1.0676,0.4161,5.6014
330,60.510907,2.0295,1.0321,0.4154,5.5501
331,60.643898,2.0060,1.0395,0.4065,5.5394
332,60.766883,2.0771,1.0611,0.4146,5.6038
333,60.897637,2.0948,1.0685,0.4070,5.6211
334,61.034166,2.1272,1.0933,0.4075,5.6614
335,61.169335,2.1376,1.0961,0.4037,5.6704
336,61.304782,2.1533,1.1133,0.4031,5.6937
337,61.433897,2.1443,1.0885,0.4080,5.6695
338,61.563372,2.1085,1.0549,0.3973,5.6204
339,61.701910,2.0740,1.0433,0.3882,5.5883
340,61.833030,2.0332,1.0092,0.3878,5.5355
341,61.965927,2.0312,1.0032,0.3874,5.5297
342,62.099759,2.0222,0.9951,0.3829,5.5176
343,62.235588,2.0323,1.0039,0.3872,5.5310
344,62.368892,2.0319,0.9942,0.3907,5.5236
345,62.499809,2.0234,0.9898,0.3873,5.5146
346,62.630562,2.0361,0.9932,0.3876,5.5257
347,62.768730,2.0503,0.9975,0.3903,5.5386
348,62.897362,2.0167,0.9736,0.3842,5.4982
349,63.039011,2.0192,0.9641,0.3804,5.4928
350,63.170887,2.0272,0.9663,0.3796,5.4999
351,63.303825,2.0453,0.9784,0.3825,5.5211
352,63.431561,2.0704,0.9997,0.3869,5.5538
353,63.571261,2.0741,1.0111,0.3863,5.5647
354,63.710051,2.0738,1.0083,0.3832,5.5624
355,63.834347,2.0805,1.0116,0.3847,5.5694
356,63.972554,2.0577,0.9949,0.3762,5.5416
357,64.099106,2.0399,0.9821,0.3822,5.5201
358,64.237304,2.0473,0.9837,0.3773,5.5263
359,64.367828,2.0371,0.9816,0.3767,5.5178
360,64.500557,2.0272,0.9763,0.3817,5.5072
361,64.637095,2.0341,0.9717,0.3822,5.5086
362,64.770858,2.0256,0.9712,0.3775,5.5024
363,64.902759,2.0361,0.9857,0.3822,5.5201
364,65.037519,2.0411,1.0036,0.3902,5.5368
365,65.175087,2.0154,0.9813,0.3862,5.5029
366,65.308077,1.9955,0.9666,0.3917,5.4787
367,65.434225,1.9967,0.9613,0.3798,5.4755
368,65.570245,2.0024,0.9702,0.3865,5.4859
369,65.708155,1.9852,0.9531,0.3825,5.4616
370,65.839140,2.0051,0.9693,0.3889,5.4872
371,65.978218,2.0308,0.9935,0.3899,5.5224
372,66.109739,2.0310,0.9853,0.3841,5.5165
373,66.262487,2.0424,0.9981,0.3875,5.5336
374,66.375006,2.0402,0.9899,0.3849,5.5261
375,66.512924,2.0344,0.9729,0.3815,5.5097
376,66.639144,2.0539,0.9888,0.3933,5.5347
377,66.775712,2.0751,1.0060,0.4089,5.5620
378,66.915495,2.0551,1.0145,0.4023,5.5546
379,67.043991,2.0390,0.9910,0.3917,5.5262
380,67.173967,2.0683,1.0221,0.4067,5.5691
381,67.312021,2.0874,1.0367,0.4048,5.5928
382,67.444093,2.0968,1.0473,0.3991,5.6068
383,67.577163,2.0965,1.0472,0.3987,5.6066
384,67.712742,2.0862,1.0308,0.3990,5.5876
385,67.860527,2.0567,1.0100,0.4007,5.5523
386,67.987387,2.0744,1.0249,0.4030,5.5753
387,68.131171,2.0947,1.0432,0.3994,5.6024
388,68.250809,2.0967,1.0572,0.4036,5.6142
389,68.375773,2.1164,1.0751,0.4025,5.6407
390,68.510215,2.0982,1.0557,0.3943,5.6139
391,68.646597,2.1238,1.0652,0.4060,5.6384
392,68.777352,2.1016,1.0624,0.3979,5.6212
393,68.914873,2.0960,1.0533,0.4003,5.6107
394,69.038658,2.1192,1.0726,0.4161,5.6409
395,69.180233,2.1022,1.0606,0.3974,5.6202
396,69.313621,2.0838,1.0456,0.4023,5.5968
397,69.447892,2.1249,1.0629,0.4150,5.6376
398,69.575202,2.1260,1.0749,0.3942,5.6469
399,69.717482,2.1869,1.0992,0.3972,5.7063
400,69.846699,2.1968,1.1096,0.3838,5.7204
401,69.983668,2.2326,1.1137,0.3852,5.7478
402,70.108429,2.1922,1.1021,0.3848,5.7118
403,70.244994,2.2205,1.1110,0.3798,5.7374
404,70.378903,2.2491,1.1519,0.3837,5.7870
405,70.508966,2.2815,1.1551,0.3789,5.8113
406,70.655201,2.3306,1.1881,0.3768,5.8688
407,70.773042,2.2998,1.1720,0.3653,5.8360
408,70.915689,2.2528,1.1692,0.3612,5.8018
409,71.048169,2.2374,1.2050,0.3715,5.8177
410,71.178303,2.2285,1.2463,0.3624,5.8417
411,71.313267,2.1678,1.2844,0.3675,5.8284
412,71.446472,2.1579,1.3617,0.3728,5.8782
413,71.579343,2.1127,1.3786,0.3676,5.8597
414,71.715956,2.1007,1.4109,0.3755,5.8753
415,71.847178,2.1038,1.4349,0.3755,5.8949
416,71.973268,2.1255,1.4375,0.3711,5.9116
417,72.110462,2.1853,1.4799,0.3823,5.9835
418,72.245166,2.1656,1.4473,0.3716,5.9461
419,72.385538,2.1821,1.4387,0.3731,5.9511
420,72.515626,2.1514,1.4046,0.3710,5.9052
421,72.641805,2.1129,1.3703,0.3845,5.8540
422,72.782519,2.1282,1.3674,0.3842,5.8623
423,72.910751,2.0927,1.3373,0.3821,5.8160
424,73.049041,2.0669,1.3119,0.3795,5.7799
425,73.179851,2.0121,1.2788,0.3835,5.7184
426,73.314668,2.0325,1.2924,0.3912,5.7423
427,73.454324,2.0431,1.3147,0.3972,5.7659
428,73.589248,2.0654,1.3325,0.3967,5.7941
429,73.717860,2.0569,1.3330,0.4000,5.7887
430,73.849624,2.0377,1.3137,0.3979,5.7615
431,73.981638,1.9919,1.2801,0.4027,5.7058
432,74.116092,1.9618,1.2473,0.3992,5.6613
433,74.245257,1.9777,1.2542,0.4030,5.6772
434,74.385901,1.9731,1.2466,0.4003,5.6685
435,74.516796,1.9630,1.2365,0.3935,5.6541
436,74.647468,1.9803,1.2488,0.3990,5.6749
437,74.784386,1.9878,1.2565,0.3960,5.6857
438,74.915642,1.9777,1.2412,0.3897,5.6675
439,75.039218,1.9986,1.2667,0.4007,5.7005
440,75.185522,2.0030,1.2740,0.3889,5.7087
441,75.313839,2.0094,1.2892,0.3991,5.7244
442,75.443851,1.9997,1.2730,0.3985,5.7059
443,75.582237,1.9975,1.2656,0.3912,5.6988
444,75.715742,1.9785,1.2549,0.4006,5.6782
445,75.845403,1.9726,1.2503,0.3996,5.6708
446,75.978125,1.9810,1.2442,0.3944,5.6720
447,76.113882,1.9895,1.2537,0.3933,5.6847
448,76.249778,1.9994,1.2600,0.3916,5.6961
449,76.387474,1.9929,1.2517,0.3921,5.6855
450,76.516596,1.9611,1.2391,0.3861,5.6546
451,76.646483,1.9617,1.2309,0.3841,5.6490
452,76.774720,1.9776,1.2375,0.3920,5.6647
453,76.917682,1.9906,1.2488,0.3860,5.6818
454,77.051307,2.0111,1.2731,0.3825,5.7135
455,77.185530,2.0002,1.2647,0.3810,5.6999
456,77.321615,1.9933,1.2541,0.3828,5.6875
457,77.458335,1.9758,1.2277,0.3930,5.6564
458,77.586424,1.9241,1.1810,0.4000,5.5870
459,77.720109,1.8946,1.1495,0.3965,5.5438
460,77.849146,1.8872,1.1271,0.3969,5.5224
461,77.986794,1.8760,1.1219,0.4036,5.5110
462,78.119614,1.8815,1.1223,0.4090,5.5152
463,78.248634,1.8849,1.1290,0.4057,5.5224
464,78.387798,1.9085,1.1575,0.4023,5.5593
465,78.516900,1.9466,1.1955,0.4141,5.6132
466,78.651874,1.9289,1.1854,0.4103,5.5937
467,78.787267,1.9140,1.1765,0.4055,5.5769
468,78.911297,1.9085,1.1665,0.4022,5.5658
469,79.049497,1.9016,1.1606,0.4052,5.5569
470,79.184687,1.8869,1.1489,0.4060,5.5383
471,79.330433,1.8823,1.1414,0.4050,5.5297
472,79.444652,1.8715,1.1396,0.4016,5.5209
473,79.585210,1.8919,1.1574,0.4070,5.5479
474,79.717418,1.8945,1.1536,0.4019,5.5469
475,79.851588,1.9188,1.1673,0.3970,5.5733
476,79.985071,1.9185,1.1687,0.3903,5.5741
477,80.118610,1.9505,1.1950,0.3959,5.6152
478,80.256443,1.9874,1.2254,0.3820,5.6624
479,80.392384,2.0268,1.2646,0.3850,5.7180
480,80.520793,2.0346,1.2750,0.3918,5.7310
481,80.648547,2.0612,1.2999,0.3921,5.7673
482,80.784772,2.0627,1.3006,0.3865,5.7688
483,80.922698,2.0742,1.3104,0.3847,5.7838
484,81.052772,2.0454,1.2987,0.3885,5.7557
485,81.183841,2.0216,1.2850,0.3854,5.7294
486,81.318281,2.0244,1.2808,0.3837,5.7282
487,81.449461,2.0203,1.2822,0.3885,5.7265
488,81.583596,2.0373,1.2963,0.3850,5.7483
489,81.723568,2.0427,1.3013,0.3847,5.7557
490,81.850455,2.0392,1.3028,0.3842,5.7544
491,81.985471,2.0583,1.3261,0.3885,5.7845
492,82.115425,2.0488,1.3091,0.3782,5.7654
493,82.251895,2.0317,1.2895,0.3756,5.7395
494,82.391325,2.0488,1.3029,0.3733,5.7608
495,82.515715,2.0466,1.3032,0.3777,5.7597
496,82.653460,2.0521,1.3061,0.3817,5.7655
497,82.786826,2.0794,1.3367,0.3828,5.8066
498,82.921058,2.0767,1.3289,0.3812,5.7990
499,83.053099,2.0655,1.3291,0.3864,5.7916
500,83.183880,2.0436,1.3035,0.3797,5.7579
501,83.318992,2.0199,1.2835,0.3860,5.7272
502,83.453136,2.0154,1.2802,0.3813,5.7215
503,83.583431,2.0189,1.2820,0.3818,5.7253
504,83.720156,2.0148,1.2824,0.3833,5.7229
505,83.848571,2.0291,1.2908,0.3835,5.7387
506,83.989704,2.0258,1.2884,0.3843,5.7348
507,84.119517,2.0124,1.2811,0.3818,5.7202
508,84.252541,2.0051,1.2642,0.3815,5.7028
509,84.396525,1.9820,1.2426,0.3843,5.6714
510,84.526557,2.0146,1.2517,0.3669,5.7000
511,84.654552,2.0090,1.2737,0.3648,5.7123
512,84.788960,2.0232,1.3098,0.3751,5.7485
513,84.923823,1.9945,1.3344,0.3697,5.7468
514,85.051867,1.9800,1.3778,0.3770,5.7689
515,85.192706,1.9787,1.4015,0.3715,5.7852
516,85.323387,1.8768,1.3347,0.3995,5.6673
517,85.456731,1.8538,1.3210,0.3955,5.6416
518,85.591202,1.8628,1.3288,0.3898,5.6533
519,85.718442,1.8417,1.3097,0.3979,5.6251
520,85.849253,1.8441,1.2977,0.3858,5.6178
521,85.989910,1.8612,1.2966,0.3846,5.6286
522,86.113220,1.8662,1.2950,0.3867,5.6309
523,86.254170,1.8526,1.2778,0.3867,5.6090
524,86.397176,1.8620,1.2796,0.3872,5.6167
525,86.518614,1.8618,1.2728,0.3894,5.6116
526,86.656777,1.8715,1.2810,0.3896,5.6243
527,86.794755,1.8628,1.2699,0.3851,5.6101
528,86.919256,1.8544,1.2600,0.3838,5.5972
529,87.055250,1.8563,1.2591,0.3861,5.5978
530,87.194534,1.8567,1.2579,0.3866,5.5972
531,87.320676,1.8676,1.2685,0.3870,5.6124
532,87.457364,1.8841,1.2842,0.3887,5.6351
533,87.589466,1.8943,1.2941,0.3921,5.6494
534,87.733425,1.8989,1.3008,0.3883,5.6574
535,87.860302,1.8976,1.2972,0.3923,5.6540
536,87.995137,1.8970,1.2965,0.3849,5.6529
537,88.120280,1.9005,1.3000,0.3859,5.6579
538,88.261278,1.9026,1.3027,0.3856,5.6613
539,88.389810,1.8962,1.2943,0.3823,5.6507
540,88.519763,1.8971,1.2977,0.3848,5.6539
541,88.654351,1.8974,1.2971,0.3939,5.6537
542,88.789858,1.8970,1.2934,0.3861,5.6506
543,88.923342,1.8901,1.2837,0.3895,5.6389
544,89.054196,1.9028,1.2965,0.3900,5.6570
545,89.190655,1.9134,1.3007,0.3865,5.6672
546,89.327938,1.9193,1.3061,0.3940,5.6753
547,89.454941,1.9247,1.3118,0.3894,5.6830
548,89.595384,1.9099,1.2965,0.3886,5.6617
549,89.722969,1.9057,1.2924,0.3878,5.6559
550,89.857581,1.8896,1.2797,0.3886,5.6357
551,89.990093,1.8868,1.2784,0.3864,5.6328
552,90.121210,1.8780,1.2663,0.3874,5.6179
553,90.343664,1.9085,1.2950,0.3917,5.6598
554,90.443098,1.9097,1.2944,0.3936,5.6601
555,90.534896,1.9013,1.2854,0.3921,5.6478
556,90.655549,1.9022,1.2895,0.3915,5.6514
557,90.797440,1.9190,1.3126,0.3869,5.6797
558,90.922317,1.9287,1.3252,0.3837,5.6955
559,91.055548,1.9606,1.3526,0.3858,5.7373
560,91.193893,1.9642,1.3463,0.3861,5.7351
561,91.318986,1.9758,1.3616,0.3844,5.7542
562,91.458989,1.9651,1.3461,0.3856,5.7356
563,91.591215,1.9696,1.3409,0.3863,5.7349
564,91.718713,1.9679,1.3317,0.3895,5.7270
565,91.855470,1.9748,1.3357,0.3883,5.7346
566,91.995511,1.9928,1.3472,0.3890,5.7554
567,92.120483,1.9778,1.3677,0.3768,5.7599
568,92.252942,1.9903,1.3666,0.3756,5.7677
569,92.391611,1.9878,1.3641,0.3753,5.7641
570,92.521542,1.9734,1.3454,0.3800,5.7406
571,92.660640,1.9686,1.3400,0.3896,5.7335
572,92.805182,1.9675,1.3409,0.3785,5.7334
573,92.920759,1.9891,1.3518,0.3837,5.7561
574,93.057909,2.0062,1.3592,0.3857,5.7732
575,93.194264,1.9912,1.3559,0.3856,5.7606
576,93.326886,1.9642,1.3309,0.3826,5.7238
577,93.464697,1.9477,1.3129,0.3945,5.6996
578,93.594692,1.9458,1.3173,0.3932,5.7015
579,93.724548,1.9358,1.3051,0.3930,5.6858
580,93.858012,1.9435,1.3195,0.3955,5.7016
581,94.000319,1.9727,1.3486,0.3918,5.7427
582,94.128007,1.9801,1.3691,0.3873,5.7627
583,94.258773,1.9323,1.3275,0.3860,5.6997
584,94.397686,1.8766,1.2893,0.3912,5.6338
585,94.529146,1.8950,1.3132,0.3814,5.6637
586,94.659568,1.9329,1.3654,0.3620,5.7275
587,94.797674,1.9594,1.4054,0.3579,5.7747
588,94.943533,1.9540,1.4078,0.3544,5.7728
589,95.068553,1.9367,1.3972,0.3478,5.7531
590,95.197280,1.9308,1.3872,0.3459,5.7418
591,95.327776,1.9209,1.3704,0.3416,5.7227
592,95.458851,1.9467,1.3864,0.3496,5.7521
593,95.589918,1.9272,1.3564,0.3318,5.7166
594,95.726297,1.9520,1.3765,0.3464,5.7484
595,95.862748,1.9882,1.3922,0.3485,5.7846
596,95.994259,2.0625,1.4545,0.3516,5.8809
597,96.128291,2.1023,1.4739,0.3470,5.9220
598,96.269598,2.1196,1.4758,0.3416,5.9352
599,96.398209,2.1511,1.4957,0.3493,5.9713
600,96.527457,2.1842,1.5184,0.3476,6.0104
601,96.664797,2.1878,1.5117,0.3416,6.0079
602,96.796489,2.1772,1.4964,0.3429,5.9895
603,96.931245,2.1848,1.4965,0.3523,5.9949
604,97.061082,2.1282,1.4372,0.3358,5.9127
605,97.199351,2.1444,1.4361,0.3500,5.9231
606,97.329615,2.1713,1.4543,0.3569,5.9549
607,97.457726,2.1773,1.4466,0.3545,5.9533
608,97.606802,2.1321,1.3916,0.3510,5.8823
609,97.735884,2.1573,1.4191,0.3617,5.9197
610,97.867650,2.1147,1.4033,0.3495,5.8789
611,97.997953,2.1849,1.5123,0.3581,6.0066
612,98.129739,2.1241,1.5007,0.3368,5.9564
613,98.265793,2.0065,1.4563,0.3298,5.8437
614,98.400838,1.9437,1.5143,0.3375,5.8435
615,98.532610,1.9187,1.5880,0.3291,5.8802
616,98.664716,1.9157,1.6121,0.3341,5.8959
617,98.798737,1.9713,1.6923,0.3494,5.9927
618,98.930098,1.9894,1.7276,0.3402,6.0307
619,99.069785,1.9825,1.7233,0.3364,6.0228
620,99.211260,2.0199,1.7554,0.3402,6.0719
621,99.325413,2.0648,1.7864,0.3455,6.1252
622,99.470075,2.0955,1.8087,0.3432,6.1624
623,99.606120,2.1012,1.8106,0.3402,6.1677
624,99.729947,2.0944,1.8124,0.3459,6.1644
625,99.870130,2.0754,1.8170,0.3427,6.1548
626,100.001307,2.1008,1.8758,0.3522,6.2153
627,100.133876,2.0746,1.8669,0.3386,6.1908
628,100.268809,2.0605,1.8675,0.3424,6.1816
629,100.401567,2.0547,1.8856,0.3472,6.1909
630,100.532537,1.9775,1.7640,0.3503,6.0494
631,100.673656,1.9211,1.7231,0.3496,5.9811
632,100.801867,1.9110,1.7391,0.3501,5.9858
633,100.946752,1.8699,1.7030,0.3486,5.9314
634,101.070159,1.8736,1.6664,0.3590,5.9073
635,101.202550,1.8443,1.6291,0.3705,5.8602
636,101.351487,1.8170,1.6335,0.3750,5.8449
637,101.473301,1.7915,1.5996,0.3704,5.8027
638,101.601152,1.8157,1.5984,0.3770,5.8183
639,101.735773,1.8242,1.6328,0.3656,5.8492
640,101.868176,1.8181,1.5914,0.3743,5.8148
641,102.003632,1.8223,1.5938,0.3818,5.8195
642,102.132224,1.8290,1.6019,0.3820,5.8300
643,102.269626,1.8338,1.6007,0.3844,5.8325
644,102.401316,1.8367,1.6036,0.3848,5.8365
645,102.534046,1.8347,1.6376,0.3812,5.8600
646,102.670998,1.8491,1.6204,0.3794,5.8573
647,102.808993,1.8058,1.6082,0.3730,5.8187
648,102.934190,1.8080,1.5950,0.3735,5.8106
649,103.070917,1.7750,1.5762,0.3663,5.7742
650,103.201417,1.7661,1.5774,0.3697,5.7691
651,103.332799,1.7580,1.5796,0.3710,5.7651
652,103.474830,1.7727,1.5956,0.3718,5.7869
653,103.599659,1.7786,1.6059,0.3711,5.7985
654,103.743019,1.8124,1.6479,0.3543,5.8520
655,103.870719,1.9325,1.7789,0.3548,6.0297
656,104.001201,2.0532,1.9369,0.3589,6.2276
657,104.133630,2.0752,1.9905,0.3503,6.2817
658,104.278191,2.0442,1.9911,0.3316,6.2608
659,104.404269,1.9568,1.9138,0.3385,6.1447
660,104.534357,1.9280,1.8407,0.3338,6.0716
661,104.673327,1.8947,1.7511,0.3211,5.9831
662,104.805552,1.8561,1.6543,0.3180,5.8860
663,104.937982,1.9338,1.6691,0.3337,5.9499
664,105.071591,1.9900,1.6879,0.3278,6.0019
665,105.208670,2.0389,1.7016,0.3191,6.0451
666,105.338308,2.1018,1.7580,0.3296,6.1294
667,105.473078,2.0835,1.7309,0.3117,6.0969
668,105.610971,2.0587,1.7113,0.3129,6.0656
669,105.740186,2.0518,1.7123,0.3171,6.0617
670,105.880819,2.0297,1.6902,0.3134,6.0305
671,106.005036,1.9859,1.6384,0.3070,5.9626
672,106.134158,2.0032,1.6473,0.3198,5.9811
673,106.275006,2.0140,1.6670,0.3246,6.0030
674,106.410841,2.0714,1.7219,0.3281,6.0822
675,106.535300,2.0685,1.7411,0.3199,6.0942
676,106.675444,2.0697,1.7410,0.3360,6.0952
677,106.805678,2.0937,1.7594,0.3385,6.1251
678,106.928859,2.1111,1.7362,0.3206,6.1196
679,107.076417,2.1454,1.7469,0.3299,6.1510
680,107.201702,2.2194,1.7756,0.3300,6.2224
681,107.333182,2.2767,1.7787,0.3352,6.2639
682,107.477322,2.3638,1.7779,0.3157,6.3223
683,107.601206,2.3814,1.7290,0.3212,6.2986
684,107.750295,2.4769,1.7746,0.3462,6.3973
685,107.873693,2.5256,1.7649,0.3423,6.4234
686,108.002159,2.6175,1.7585,0.3521,6.4815
687,108.140456,2.6197,1.6470,0.3158,6.4009
688,108.274384,2.6910,1.6212,0.3348,6.4309
689,108.419805,2.7601,1.6336,0.3449,6.4871
690,108.541630,2.8148,1.6209,0.3576,6.5153
691,108.674831,2.8811,1.6362,0.3642,6.5717
692,108.809439,2.9756,1.6844,0.3681,6.6715
693,108.938042,3.0639,1.7343,0.3763,6.7682
694,109.072544,3.0963,1.7675,0.3734,6.8146
695,109.210673,3.1476,1.8049,0.3754,6.8769
696,109.334359,3.1428,1.7956,0.3732,6.8668
697,109.484702,3.1316,1.7851,0.3824,6.8516
698,109.611015,3.1355,1.7856,0.3818,6.8546
699,109.741030,3.0544,1.7156,0.3852,6.7482
700,109.867939,3.0874,1.7387,0.3948,6.7877
701,110.011115,3.0863,1.7455,0.3893,6.7919
702,110.136852,3.0591,1.7382,0.3813,6.7679
703,110.283637,3.0609,1.7459,0.3935,6.7749
704,110.419738,3.0054,1.7041,0.4005,6.7066
705,110.544113,2.9670,1.6784,0.4029,6.6617
706,110.675303,2.9325,1.6498,0.3970,6.6172
707,110.804013,2.8557,1.5945,0.4003,6.5244
708,110.943352,2.7950,1.5390,0.4243,6.4428
709,111.073912,2.7292,1.4814,0.4297,6.3558
710,111.203168,2.6838,1.4443,0.4437,6.2980
711,111.346296,2.6564,1.4190,0.4491,6.2608
712,111.472714,2.6367,1.4030,0.4475,6.2357
713,111.608504,2.6209,1.3938,0.4473,6.2182
714,111.737341,2.6104,1.3887,0.4442,6.2073
715,111.874191,2.5862,1.3674,0.4454,6.1753
716,112.011053,2.5463,1.3398,0.4446,6.1278
717,112.144814,2.5392,1.3334,0.4490,6.1184
718,112.279914,2.5476,1.3401,0.4467,6.1290
719,112.414547,2.5708,1.3602,0.4419,6.1594
720,112.555229,2.5705,1.3622,0.4432,6.1607
721,112.667958,2.6134,1.3947,0.4369,6.2136
722,112.830270,2.6487,1.4302,0.4372,6.2637
723,112.941789,2.6375,1.4188,0.4315,6.2476
724,113.077821,2.6468,1.4261,0.4293,6.2593
725,113.211369,2.6382,1.4194,0.4297,6.2485
726,113.346551,2.6382,1.4243,0.4389,6.2522
727,113.480398,2.6297,1.4180,0.4443,6.2419
728,113.632062,2.6326,1.4197,0.4443,6.2451
729,113.742153,2.6525,1.4329,0.4398,6.2682
730,113.885119,2.6505,1.4322,0.4370,6.2664
731,114.016529,2.6781,1.4550,0.4348,6.3018
732,114.145880,2.6850,1.4591,0.4317,6.3094
733,114.278945,2.6754,1.4448,0.4297,6.2924
734,114.414631,2.6792,1.4479,0.4336,6.2973
735,114.550245,2.6992,1.4665,0.4357,6.3246
736,114.677306,2.6879,1.4584,0.4345,6.3110
737,114.826660,2.6810,1.4495,0.4297,6.2997
738,114.945442,2.6914,1.4632,0.4303,6.3168
739,115.079095,2.7061,1.4652,0.4403,6.3284
740,115.214467,2.7344,1.4814,0.4339,6.3595
741,115.348130,2.8060,1.5271,0.4229,6.4416
742,115.484334,2.8825,1.5897,0.4052,6.5392
743,115.612484,2.8992,1.5933,0.4036,6.5532
744,115.759134,2.9409,1.6178,0.4008,6.5995
745,115.877508,2.9774,1.6431,0.3969,6.6429
746,116.019169,3.0188,1.6704,0.3902,6.6910
747,116.149082,3.0391,1.6901,0.3859,6.7192
748,116.277651,2.9991,1.6591,0.3888,6.6692
749,116.428317,2.9856,1.6521,0.3962,6.6550
750,116.553174,2.9130,1.6030,0.3878,6.5695
751,116.684381,2.9079,1.6100,0.3863,6.5711
752,116.817181,2.8764,1.5912,0.3864,6.5359
753,116.948618,2.8934,1.6155,0.3873,6.5652
754,117.081100,2.9109,1.6362,0.3925,6.5924
755,117.216729,2.8978,1.6312,0.3842,6.5798
756,117.349501,2.9057,1.6381,0.3893,6.5902
757,117.484467,2.9075,1.6400,0.3863,6.5928
758,117.620951,2.8984,1.6310,0.3827,6.5799
759,117.749375,2.8883,1.6198,0.3883,6.5649
760,117.883014,2.8814,1.6112,0.3885,6.5540
761,118.015648,2.8981,1.6271,0.3815,6.5769
762,118.151453,2.9096,1.6371,0.3895,6.5922
763,118.281521,2.9148,1.6393,0.3787,6.5971
764,118.411650,2.9151,1.6396,0.3789,6.5976
765,118.550161,2.9150,1.6383,0.3838,6.5966
766,118.687482,2.8857,1.6122,0.3843,6.5576
767,118.816261,2.8475,1.5818,0.3819,6.5093
768,118.945614,2.8317,1.5683,0.3879,6.4887
769,119.084851,2.8441,1.5817,0.3889,6.5070
770,119.244524,2.8455,1.5808,0.3823,6.5072
771,119.362731,2.8627,1.5908,0.3883,6.5263
772,119.485077,2.8631,1.5884,0.3985,6.5249
773,119.619268,2.8454,1.5823,0.3976,6.5084
774,119.752794,2.8044,1.5616,0.4036,6.4654
775,119.888798,2.7441,1.5433,0.4296,6.4113
776,120.022289,2.6874,1.5420,0.4198,6.3716
777,120.148957,2.6443,1.5877,0.4076,6.3755
778,120.284928,2.6215,1.6628,0.3880,6.4147
779,120.426208,2.5964,1.7021,0.3938,6.4264
780,120.551048,2.5113,1.6645,0.3997,6.3410
781,120.682950,2.3945,1.5763,0.3889,6.1967
782,120.819144,2.2938,1.4972,0.3848,6.0702
783,120.949023,2.2485,1.4613,0.3985,6.0132
784,121.083612,2.2505,1.4658,0.3976,6.0178
785,121.222749,2.2797,1.4979,0.4012,6.0613
786,121.352026,2.2681,1.4915,0.3966,6.0486
787,121.485978,2.2290,1.4657,0.3945,6.0030
788,121.617923,2.2115,1.4546,0.3960,5.9830
789,121.749167,2.2101,1.4502,0.3879,5.9787
790,121.886160,2.2021,1.4539,0.3969,5.9761
791,122.017628,2.2153,1.4706,0.3983,5.9974
792,122.148999,2.2502,1.5117,0.4046,6.0513
793,122.285953,2.2571,1.5207,0.4005,6.0626
794,122.415777,2.2337,1.5008,0.3947,6.0320
795,122.550436,2.1901,1.4717,0.3942,5.9810
796,122.687471,2.1902,1.4683,0.3939,5.9785
797,122.816289,2.1714,1.4547,0.3921,5.9557
798,122.949990,2.1742,1.4663,0.3922,5.9661
799,123.088856,2.1812,1.4797,0.3925,5.9807
800,123.217981,2.1764,1.4758,0.3915,5.9746
801,123.352863,2.1890,1.4977,0.3969,5.9993
802,123.486737,2.1839,1.5002,0.3936,5.9975
803,123.622809,2.2211,1.5346,0.3983,6.0482
804,123.751256,2.2117,1.5283,0.3949,6.0371
805,123.886988,2.2017,1.5172,0.3922,6.0221
806,124.018419,2.1618,1.4713,0.4015,5.9615
807,124.151263,2.1181,1.4297,0.4026,5.9013
808,124.288570,2.0725,1.3750,0.4061,5.8302
809,124.416447,2.0476,1.3535,0.4078,5.7976
810,124.554199,2.0114,1.3140,0.4092,5.7440
811,124.690215,1.9889,1.2925,0.4059,5.7129
812,124.818210,2.0180,1.3174,0.4031,5.7509
813,124.959442,2.0657,1.3687,0.3990,5.8209
814,125.086403,2.1071,1.4125,0.3978,5.8811
815,125.221365,2.1121,1.4193,0.3998,5.8895
816,125.351274,2.0871,1.3973,0.3974,5.8564
817,125.485140,2.0764,1.3850,0.4033,5.8402
818,125.621779,2.0747,1.3832,0.4082,5.8378
819,125.771084,2.0505,1.3633,0.4113,5.8067
820,125.892539,2.0281,1.3405,0.4115,5.7748
821,126.023171,2.0234,1.3258,0.4096,5.7608
822,126.153173,2.0015,1.3056,0.4134,5.7311
823,126.285020,1.9637,1.2631,0.4088,5.6742
824,126.424212,1.9767,1.2802,0.4179,5.6957
825,126.553968,1.9820,1.2820,0.4151,5.7006
826,126.691269,1.9804,1.2771,0.4149,5.6960
827,126.818101,2.0024,1.2950,0.4164,5.7241
828,126.960101,2.0019,1.2917,0.4166,5.7213
829,127.089921,1.9828,1.2695,0.4138,5.6920
830,127.218391,1.9789,1.2673,0.4177,5.6879
831,127.358969,1.9497,1.2359,0.4219,5.6450
832,127.487557,1.9568,1.2326,0.4232,5.6474
833,127.620159,1.9436,1.2121,0.4190,5.6234
834,127.751136,1.9372,1.2083,0.4280,5.6164
835,127.886523,1.9185,1.1871,0.4227,5.5881
836,128.019993,1.9408,1.2084,0.4198,5.6187
837,128.153223,2.1008,1.3524,0.4030,5.8329
838,128.290148,2.3212,1.5590,0.3883,6.1341
839,128.421602,2.4253,1.6420,0.3619,6.2654
840,128.561314,2.4529,1.6670,0.3527,6.3024
841,128.697742,2.3902,1.5946,0.3331,6.2064
842,128.816438,2.3787,1.5669,0.3325,6.1783
843,128.956620,2.3924,1.5827,0.3386,6.1993
844,129.096122,2.4127,1.5904,0.3371,6.2187
845,129.225865,2.4495,1.6092,0.3439,6.2576
846,129.367937,2.5133,1.6438,0.3599,6.3266
847,129.491187,2.5401,1.6370,0.3597,6.3400
848,129.629133,2.5923,1.6479,0.3676,6.3836
849,129.758751,2.6703,1.6856,0.3798,6.4644
850,129.890358,2.6633,1.6447,0.3782,6.4297
851,130.029417,2.6197,1.5900,0.3736,6.3599
852,130.187458,2.6251,1.5734,0.3803,6.3516
853,130.310811,2.5888,1.5291,0.3636,6.2942
854,130.426339,2.5692,1.5089,0.3660,6.2661
855,130.558918,2.5861,1.5214,0.3734,6.2868
856,130.691360,2.5461,1.4835,0.3716,6.2319
857,130.817454,2.5490,1.4845,0.3818,6.2347
858,130.956310,2.5212,1.4632,0.3796,6.2002
859,131.092158,2.4720,1.4284,0.3761,6.1411
860,131.220030,2.4733,1.4330,0.3808,6.1454
861,131.355955,2.5149,1.4675,0.3834,6.1990
862,131.489484,2.5083,1.4644,0.3796,6.1922
863,131.621338,2.4926,1.4551,0.3782,6.1747
864,131.757693,2.4788,1.4499,0.3779,6.1615
865,131.892045,2.4921,1.4545,0.3809,6.1739
866,132.015584,2.4632,1.4372,0.3711,6.1414
867,132.160162,2.4991,1.4714,0.3744,6.1910
868,132.301327,2.4751,1.4527,0.3661,6.1609
869,132.418482,2.5246,1.4996,0.3714,6.2290
870,132.563219,2.5760,1.5484,0.3705,6.2997
871,132.692381,2.6127,1.5813,0.3685,6.3487
872,132.821645,2.6164,1.5862,0.3666,6.3548
873,132.963495,2.6126,1.5839,0.3654,6.3505
874,133.094817,2.6257,1.5947,0.3667,6.3673
875,133.223640,2.6305,1.5979,0.3663,6.3730
876,133.365830,2.6313,1.5937,0.3658,6.3704
877,133.496299,2.6451,1.6022,0.3662,6.3861
878,133.621098,2.6982,1.6332,0.3694,6.4450
879,133.759275,2.7216,1.6432,0.3683,6.4682
880,133.898065,2.8064,1.6937,0.3729,6.5630
881,134.020305,2.8745,1.7167,0.3769,6.6263
882,134.158172,2.8819,1.6908,0.3741,6.6124
883,134.295559,2.8721,1.6632,0.3834,6.5856
884,134.425519,2.9195,1.7074,0.3854,6.6503
885,134.555020,2.9393,1.7072,0.3850,6.6636
886,134.699551,2.9291,1.6996,0.3868,6.6511
887,134.823355,2.9287,1.7010,0.3780,6.6518
888,134.951163,2.9293,1.7050,0.3828,6.6552
889,135.098449,2.8664,1.6397,0.3769,6.5645
890,135.226328,2.7896,1.5659,0.3732,6.4581
891,135.366507,2.7685,1.5274,0.3775,6.4156
892,135.500503,2.7357,1.4799,0.3881,6.3587
893,135.633672,2.6955,1.4190,0.4006,6.2868
894,135.761527,2.6759,1.3813,0.4174,6.2462
895,135.897939,2.6336,1.3346,0.4213,6.1832
896,136.032006,2.5881,1.2842,0.4404,6.1156
897,136.152136,2.5816,1.2720,0.4368,6.1022
898,136.334149,2.5625,1.2498,0.4414,6.0729
899,136.442662,2.5648,1.2432,0.4405,6.0697
900,136.570175,2.5857,1.2583,0.4439,6.0950
901,136.700352,2.5953,1.2584,0.4507,6.1017
902,136.813413,2.6128,1.2732,0.4457,6.1244
903,136.957566,2.5992,1.2551,0.4456,6.1019
904,137.097248,2.6079,1.2603,0.4498,6.1117
905,137.234602,2.6057,1.2567,0.4472,6.1075
906,137.368573,2.5784,1.2346,0.4483,6.0727
907,137.504264,2.5902,1.2458,0.4435,6.0889
908,137.627631,2.5719,1.2345,0.4379,6.0681
909,137.770149,2.6039,1.2623,0.4401,6.1103
910,137.904651,2.5809,1.2502,0.4379,6.0857
911,138.023823,2.5833,1.2601,0.4405,6.0947
912,138.170981,2.5746,1.2580,0.4387,6.0872
913,138.305570,2.5611,1.2454,0.4365,6.0687
914,138.453424,2.5706,1.2555,0.4338,6.0825
915,138.575342,2.5849,1.2659,0.4355,6.0998
916,138.705768,2.5937,1.2696,0.4358,6.1086
917,138.834274,2.5945,1.2671,0.4360,6.1073
918,138.956316,2.5567,1.2390,0.4327,6.0610
919,139.101943,2.5643,1.2408,0.4356,6.0675
920,139.232237,2.5361,1.2199,0.4326,6.0329
921,139.375377,2.5939,1.2702,0.4181,6.1089
922,139.501639,2.6075,1.2848,0.4120,6.1289
923,139.613195,2.6052,1.3059,0.4071,6.1426
924,139.765880,2.6979,1.4083,0.3936,6.2806
925,139.897042,2.7168,1.4767,0.3763,6.3432
926,140.027418,2.6866,1.5259,0.3624,6.3585
927,140.167166,2.6092,1.5215,0.3421,6.3022
928,140.302645,2.5091,1.4857,0.3367,6.2078
929,140.425113,2.4303,1.4734,0.3314,6.1450
930,140.573231,2.4349,1.5266,0.3095,6.1867
931,140.702891,2.4071,1.5759,0.2680,6.2033
932,140.825983,2.4534,1.6755,0.2733,6.3078
933,140.965831,2.5474,1.8111,0.2709,6.4710
934,141.103046,2.5125,1.7961,0.2613,6.4362
935,141.235744,2.4889,1.7760,0.2538,6.4053
936,141.372544,2.3508,1.6321,0.2634,6.2060
937,141.498341,2.2541,1.5229,0.2904,6.0605
938,141.626359,2.1541,1.4057,0.3155,5.9070
939,141.766363,2.0104,1.2756,0.3105,5.7139
940,141.898527,1.9643,1.2336,0.3115,5.6517
941,142.027252,1.8705,1.1324,0.3229,5.5139
942,142.170618,1.7835,1.0847,0.3272,5.4198
943,142.297919,1.7219,1.0458,0.3289,5.3493
944,142.429927,1.6433,1.0654,0.2994,5.3097
945,142.569295,1.6467,1.1639,0.2783,5.3838
946,142.700932,1.3734,0.9098,0.3377,5.0125
947,142.831692,0.8538,0.4016,0.3594,4.2868
948,142.967937,0.2946,-0.1640,0.3437,3.4917
949,143.100998,-0.1705,-0.6090,0.3594,2.8494
950,143.227567,-0.6188,-1.0888,0.4150,2.1936
951,143.369059,-0.8976,-1.3768,0.4676,1.7935
952,143.511959,-1.0380,-1.5285,0.5030,1.5874
953,143.633040,-0.8270,-1.3163,0.4962,1.8864
954,143.764534,-0.1729,-0.6472,0.4491,2.8210
955,143.902832,0.6181,0.1874,0.3935,3.9700
956,144.028630,1.1932,0.8034,0.3565,4.8121
957,144.164113,1.6253,1.2161,0.3340,5.4082
958,144.295855,1.8564,1.3797,0.3183,5.6852
959,144.428032,2.0034,1.4685,0.3164,5.8504
960,144.568870,2.0739,1.5143,0.3226,5.9319
961,144.706197,2.0948,1.4796,0.3206,5.9208
962,144.842514,2.0912,1.4761,0.3230,5.9158
963,144.976535,2.0444,1.4235,0.3138,5.8453
964,145.103765,2.0728,1.4462,0.3331,5.8815
965,145.233357,2.0412,1.4408,0.3292,5.8560
966,145.372018,2.0810,1.5004,0.3417,5.9269
967,145.497007,2.0215,1.4646,0.3288,5.8600
968,145.629898,1.9651,1.4251,0.3163,5.7925
969,145.772852,2.0319,1.5050,0.3375,5.8968
970,145.908472,2.0213,1.4963,0.3209,5.8829
971,146.038097,2.0487,1.5237,0.3389,5.9219
972,146.166671,2.0487,1.5418,0.3327,5.9351
973,146.305660,2.0414,1.5410,0.3324,5.9295
974,146.434780,2.0067,1.5049,0.3199,5.8792
975,146.567554,2.0025,1.4892,0.3154,5.8649
976,146.701364,1.9588,1.4171,0.3041,5.7821
977,146.834096,2.0123,1.4082,0.3158,5.8122
978,146.966230,2.1023,1.4655,0.3249,5.9157
979,147.099060,2.2436,1.5671,0.3226,6.0863
980,147.236836,2.3446,1.6457,0.3366,6.2128
981,147.371404,2.3386,1.6415,0.3235,6.2054
982,147.504305,2.3783,1.7206,0.3321,6.2905
983,147.637348,2.3732,1.7782,0.3330,6.3291
984,147.772700,2.3827,1.8718,0.3326,6.4042
985,147.909481,2.3807,1.8893,0.3434,6.4157
986,148.039166,2.3571,1.8458,0.3431,6.3678
987,148.171543,2.3666,1.7857,0.3415,6.3303
988,148.302713,2.3625,1.6876,0.3581,6.2559
989,148.439485,2.4358,1.6992,0.3648,6.3145
990,148.569275,2.4569,1.6545,0.3828,6.2963
991,148.706451,2.4889,1.6258,0.3842,6.2972
992,148.836723,2.5654,1.6726,0.3985,6.3838
993,148.969366,2.5831,1.7101,0.4004,6.4233
994,149.103550,2.5837,1.7236,0.4052,6.4336
995,149.244221,2.5815,1.7356,0.3833,6.4406
996,149.382957,2.5991,1.7683,0.3853,6.4766
997,149.504989,2.6038,1.7778,0.3889,6.4868
998,149.638209,2.5800,1.7452,0.3873,6.4466
999,149.777490,2.6249,1.7725,0.3945,6.4973
1000,149.905809,2.6196,1.7809,0.3911,6.4998
1001,150.046001,2.6495,1.8008,0.4020,6.5349
1002,150.174154,2.6196,1.7785,0.4020,6.4983
1003,150.314488,2.5815,1.7522,0.3937,6.4529
1004,150.445981,2.6138,1.7537,0.4047,6.4762
1005,150.569017,2.5941,1.7483,0.3969,6.4587
1006,150.712492,2.5992,1.7577,0.3987,6.4691
1007,150.839570,2.5511,1.7103,0.3935,6.4016
1008,150.971164,2.5389,1.6909,0.4001,6.3791
1009,151.108399,2.5612,1.7279,0.3923,6.4212
1010,151.241849,2.5509,1.7276,0.3873,6.4140
1011,151.377632,2.5617,1.7344,0.3969,6.4264
1012,151.517973,2.5247,1.6790,0.3811,6.3604
1013,151.639572,2.5233,1.6908,0.3883,6.3682
1014,151.773126,2.5641,1.7507,0.3918,6.4399
1015,151.911183,2.6154,1.7878,0.3815,6.5019
1016,152.040116,2.6158,1.7959,0.3770,6.5081
1017,152.182295,2.6186,1.7975,0.3842,6.5112
1018,152.308151,2.6286,1.8062,0.3837,6.5244
1019,152.442659,2.6629,1.8279,0.3927,6.5638
1020,152.575655,2.6420,1.8167,0.3885,6.5412
1021,152.713938,2.6277,1.8021,0.3898,6.5208
1022,152.848207,2.6199,1.7867,0.3969,6.5044
1023,152.979642,2.6211,1.8011,0.3934,6.5157
1024,153.111761,2.6320,1.8043,0.3952,6.5255
1025,153.239373,2.6233,1.7939,0.3953,6.5119
1026,153.372259,2.6481,1.8292,0.3982,6.5547
1027,153.508536,2.6374,1.8238,0.3964,6.5435
1028,153.656978,2.6493,1.8276,0.3953,6.5543
1029,153.770705,2.6282,1.8156,0.3942,6.5311
1030,153.913840,2.6222,1.8049,0.3939,6.5192
1031,154.047735,2.6052,1.7925,0.3933,6.4985
1032,154.177803,2.5930,1.7711,0.3955,6.4745
1033,154.310638,2.6160,1.7908,0.3932,6.5047
1034,154.440532,2.5960,1.7769,0.3980,6.4809
1035,154.582298,2.5695,1.7526,0.3981,6.4451
1036,154.710925,2.5715,1.7564,0.4035,6.4493
1037,154.851557,2.5802,1.7632,0.4005,6.4601
1038,154.972792,2.6076,1.8034,0.4028,6.5083
1039,155.113742,2.6727,1.8683,0.3814,6.5999
1040,155.248590,2.6749,1.8775,0.3572,6.6077
1041,155.386049,2.6591,1.8572,0.3334,6.5818
1042,155.511926,2.6836,1.8479,0.3367,6.5917
1043,155.653918,2.6660,1.8163,0.3362,6.5566
1044,155.777614,2.6910,1.8189,0.3442,6.5757
1045,155.913162,2.7119,1.8193,0.3554,6.5903
1046,156.049280,2.7219,1.8207,0.3550,6.5982
1047,156.180162,2.6573,1.7412,0.3401,6.4958
1048,156.313277,2.6154,1.6543,0.3239,6.4034
1049,156.453641,2.5669,1.5507,0.3112,6.2944
1050,156.578332,2.4822,1.4141,0.3100,6.1367
1051,156.713295,2.4944,1.3730,0.3358,6.1152
1052,156.849641,2.4603,1.2991,0.3358,6.0379
1053,156.979294,2.3899,1.1809,0.3170,5.9032
1054,157.111391,2.4098,1.1409,0.3311,5.8877
1055,157.243379,2.4328,1.1101,0.3396,5.8809
1056,157.384491,2.3369,1.0005,0.3235,5.7351
1057,157.518119,2.3387,0.9630,0.3414,5.7092
1058,157.640230,2.4036,0.9242,0.3374,5.7249
1059,157.782501,2.4219,0.8627,0.3521,5.6926
1060,157.913490,2.2706,0.6952,0.3669,5.4672
1061,158.045666,1.9657,0.4398,0.3859,5.0728
1062,158.184762,1.6100,0.1642,0.4103,4.6291
1063,158.315402,1.3095,-0.0757,0.4321,4.2490
1064,158.452530,1.0834,-0.2473,0.4416,3.9696
1065,158.582996,0.9396,-0.3583,0.4324,3.7902
1066,158.707325,0.9995,-0.3127,0.4249,3.8643
1067,158.852927,1.3019,-0.0782,0.4313,4.2420
1068,158.984013,1.6502,0.1895,0.3931,4.6748
1069,159.113980,1.9139,0.4219,0.3727,5.0242
1070,159.247067,2.0684,0.5942,0.3553,5.2553
1071,159.390660,2.2145,0.7611,0.3581,5.4770
1072,159.512011,2.1667,0.7753,0.3435,5.4547
1073,159.646207,2.0296,0.6933,0.3225,5.3009
1074,159.779160,1.9537,0.6266,0.3198,5.2003
1075,159.915147,1.9065,0.6145,0.3238,5.1595
1076,160.052686,1.9744,0.6686,0.3352,5.2454
1077,160.183366,1.9778,0.6982,0.3364,5.2694
1078,160.318196,1.9680,0.6791,0.3488,5.2490
1079,160.448642,1.9362,0.6589,0.3390,5.2123
1080,160.586143,1.9680,0.6695,0.3522,5.2420
1081,160.718642,1.9444,0.6303,0.3449,5.1971
1082,160.847242,2.0238,0.6483,0.3535,5.2645
1083,160.989129,2.0792,0.6801,0.3687,5.3258
1084,161.116461,2.1665,0.7482,0.3867,5.4353
1085,161.249259,2.1322,0.7437,0.3678,5.4084
1086,161.393421,2.2351,0.8246,0.3813,5.5379
1087,161.520675,2.1968,0.8387,0.3821,5.5221
1088,161.646317,2.2412,0.8668,0.3872,5.5730
1089,161.789863,2.2299,0.8938,0.3840,5.5850
1090,161.919515,2.2471,0.8879,0.3828,5.5924
1091,162.051657,2.1866,0.8743,0.3798,5.5412
1092,162.185491,2.1664,0.8576,0.3809,5.5152
1093,162.315246,2.1538,0.8474,0.3816,5.4991
1094,162.453635,2.1199,0.8171,0.3924,5.4541
1095,162.583001,2.0860,0.7865,0.3890,5.4086
1096,162.721089,2.0770,0.7709,0.3978,5.3910
1097,162.849138,2.0750,0.7564,0.4053,5.3792
1098,162.993741,2.0548,0.7184,0.3928,5.3374
1099,163.137487,2.1075,0.7461,0.4006,5.3937
1100,163.247626,2.1386,0.7870,0.4104,5.4450
1101,163.379391,2.2064,0.8551,0.3845,5.5407
1102,163.514879,2.1179,0.8106,0.4057,5.4481
1103,163.651729,2.0780,0.7779,0.4076,5.3971
1104,163.782400,2.0557,0.7597,0.4087,5.3685
1105,163.918281,2.0440,0.7861,0.3988,5.3798
1106,164.052453,2.0702,0.8067,0.3979,5.4127
1107,164.185183,2.1500,0.8500,0.4108,5.4989
1108,164.319316,2.1886,0.8613,0.4001,5.5333
1109,164.454160,2.1855,0.8515,0.4003,5.5240
1110,164.586797,2.1516,0.8161,0.4053,5.4751
1111,164.709666,2.1329,0.8001,0.4109,5.4507
1112,164.854088,2.1199,0.7873,0.4136,5.4326
1113,164.984284,2.1248,0.7852,0.4037,5.4342
1114,165.116974,2.1300,0.7876,0.4082,5.4395
1115,165.248613,2.1279,0.7874,0.4049,5.4379
1116,165.396105,2.1288,0.7820,0.4135,5.4347
1117,165.517118,2.0997,0.7579,0.4167,5.3973
1118,165.651502,2.1642,0.8048,0.4104,5.4755
1119,165.787956,2.1868,0.8235,0.4019,5.5044
1120,165.927723,2.1705,0.8107,0.3895,5.4838
1121,166.054057,2.1843,0.8166,0.4090,5.4978
1122,166.187034,2.1881,0.8108,0.4126,5.4962
1123,166.318598,2.1856,0.8088,0.4127,5.4930
1124,166.461757,2.2063,0.8156,0.4154,5.5121
1125,166.596654,2.1807,0.7928,0.4078,5.4779
1126,166.722095,2.1669,0.7817,0.4084,5.4604
1127,166.848158,2.2158,0.8227,0.4225,5.5239
1128,166.990299,2.2439,0.8452,0.4213,5.5595
1129,167.118569,2.1989,0.8160,0.4175,5.5074
1130,167.249979,2.1869,0.8064,0.4149,5.4922
1131,167.395091,2.1768,0.8049,0.4207,5.4843
1132,167.518127,2.1713,0.7996,0.4192,5.4766
1133,167.655702,2.1558,0.7845,0.4182,5.4550
1134,167.788645,2.1652,0.7877,0.4253,5.4638
1135,167.925164,2.1828,0.8037,0.4205,5.4875
1136,168.056248,2.1923,0.8113,0.4201,5.4995
1137,168.191765,2.1902,0.8066,0.4182,5.4946
1138,168.331316,2.2363,0.8527,0.4191,5.5598
1139,168.470303,2.2402,0.8591,0.4116,5.5670
1140,168.589477,2.2310,0.8456,0.4085,5.5508
1141,168.722930,2.1925,0.7687,0.3864,5.4680
1142,168.852813,2.2041,0.7437,0.3820,5.4576
1143,168.990331,2.1568,0.6992,0.3747,5.3926
1144,169.125010,2.1583,0.6989,0.3644,5.3933
1145,169.265116,2.1611,0.6886,0.3495,5.3875
1146,169.392956,2.1186,0.6838,0.3503,5.3551
1147,169.525373,2.1179,0.7457,0.2755,5.3989
1148,169.665258,2.1823,0.8112,0.2204,5.4899
1149,169.789835,2.4494,1.0534,0.1718,5.8484
1150,169.920671,2.9097,1.5094,-0.0229,6.4930
1151,170.057016,3.1648,1.7182,-0.0127,6.8198
1152,170.188982,2.4971,1.2287,0.0894,6.0080
1153,170.321550,1.0950,0.0513,0.2637,4.1935
1154,170.454182,0.3907,-0.5556,0.3420,3.2706
1155,170.589818,0.1650,-0.7700,0.3707,2.9603
1156,170.729820,0.5723,-0.4825,0.3596,3.4481
1157,170.855604,0.9319,-0.2112,0.3421,3.8914
1158,170.982797,1.3320,0.0550,0.3379,4.3587
1159,171.117161,1.6325,0.2622,0.3376,4.7151
1160,171.257245,1.8483,0.4318,0.3548,4.9865
1161,171.394562,1.9757,0.5441,0.3654,5.1556
1162,171.525665,1.9890,0.5889,0.3937,5.1979
1163,171.660815,1.8923,0.5763,0.3804,5.1226
1164,171.792079,1.8948,0.6213,0.4069,5.1576
1165,171.931407,1.8610,0.6199,0.3863,5.1333
1166,172.061874,1.9096,0.6693,0.4088,5.2029
1167,172.190346,1.9417,0.6934,0.4136,5.2424
1168,172.322948,1.9532,0.6805,0.4035,5.2406
1169,172.457230,1.9810,0.6854,0.4082,5.2632
1170,172.592802,1.9921,0.6944,0.4077,5.2774
1171,172.724592,2.0297,0.7051,0.4102,5.3108
1172,172.860960,2.0286,0.7059,0.4047,5.3106
1173,172.993313,2.0152,0.6913,0.4109,5.2909
1174,173.124412,1.9992,0.6769,0.4111,5.2694
1175,173.260509,1.9711,0.6541,0.4056,5.2336
1176,173.388836,2.0012,0.6756,0.4072,5.2698
1177,173.518265,2.0070,0.6772,0.4110,5.2750
1178,173.660130,2.0014,0.6734,0.4038,5.2683
1179,173.799857,2.0459,0.7134,0.4118,5.3280
1180,173.920836,2.0339,0.7080,0.4148,5.3159
1181,174.064233,2.0440,0.7168,0.4130,5.3292
1182,174.189827,2.0026,0.6870,0.4094,5.2792
1183,174.325144,2.0046,0.6900,0.4134,5.2827
1184,174.461040,1.9914,0.6794,0.4119,5.2660
1185,174.592560,1.9956,0.6811,0.4127,5.2701
1186,174.728179,1.9991,0.6827,0.4148,5.2737
1187,174.858591,1.9917,0.6766,0.4175,5.2642
1188,174.993984,1.9931,0.6761,0.4045,5.2646
1189,175.123974,2.0158,0.6910,0.4113,5.2911
1190,175.255992,2.0048,0.6834,0.4106,5.2780
1191,175.391561,1.9980,0.6717,0.4149,5.2649
1192,175.521468,2.0027,0.6765,0.4045,5.2715
1193,175.663883,2.0224,0.6818,0.4010,5.2887
1194,175.791809,2.0000,0.6792,0.4126,5.2717
1195,175.928550,1.9989,0.6741,0.4081,5.2671
1196,176.064478,1.9844,0.6659,0.4134,5.2514
1197,176.196519,1.9787,0.6606,0.4105,5.2436
1198,176.327923,1.9883,0.6705,0.4143,5.2574
1199,176.470314,1.9746,0.6629,0.4094,5.2424
1200,176.597233,1.9709,0.6592,0.4118,5.2372
1201,176.727292,1.9694,0.6566,0.4146,5.2344
1202,176.864253,1.9696,0.6593,0.4100,5.2364
1203,176.996223,1.9695,0.6588,0.4167,5.2361
1204,177.124773,1.9844,0.6677,0.4130,5.2527
1205,177.261599,1.9780,0.6652,0.4138,5.2465
1206,177.410057,1.9935,0.6835,0.4107,5.2704
1207,177.525289,2.0048,0.6886,0.4201,5.2820
1208,177.664709,2.0194,0.7014,0.4160,5.3012
1209,177.796803,1.9846,0.6738,0.4078,5.2572
1210,177.928013,2.0025,0.6907,0.4079,5.2817
1211,178.064394,1.9880,0.6765,0.4090,5.2615
1212,178.197936,2.0002,0.6845,0.4163,5.2758
1213,178.333361,1.9621,0.6562,0.4056,5.2290
1214,178.465677,1.9624,0.6539,0.4084,5.2275
1215,178.599196,1.9591,0.6516,0.4110,5.2236
1216,178.731250,1.9639,0.6505,0.4061,5.2260
1217,178.863284,2.0172,0.6781,0.4038,5.2824
1218,178.994236,2.1056,0.7602,0.3967,5.4027
1219,179.123877,2.1990,0.8159,0.3914,5.5070
1220,179.271868,2.2273,0.8377,0.3804,5.5421
1221,179.400853,2.1947,0.8249,0.3853,5.5107
1222,179.537031,2.2079,0.8266,0.3920,5.5210
1223,179.663399,2.1545,0.8074,0.3838,5.4704
1224,179.801397,2.1189,0.7689,0.3932,5.4181
1225,179.929020,2.0667,0.7427,0.3981,5.3634
1226,180.062845,2.0263,0.7145,0.4127,5.3154
1227,180.199697,2.0100,0.7014,0.4095,5.2948
1228,180.325653,2.0248,0.7018,0.4045,5.3050
1229,180.465820,2.0385,0.7062,0.3992,5.3175
1230,180.605823,2.0364,0.7085,0.4113,5.3180
1231,180.732939,2.0107,0.6910,0.4060,5.2876
1232,180.871199,2.0389,0.6947,0.4007,5.3094
1233,180.991964,2.0539,0.7005,0.4048,5.3239
1234,181.123055,2.0555,0.7144,0.3978,5.3351
1235,181.258927,2.0056,0.6708,0.4090,5.2693
1236,181.398377,1.9697,0.6597,0.4060,5.2367
1237,181.521771,2.0157,0.6920,0.4062,5.2917
1238,181.668707,2.0839,0.7466,0.4055,5.3781
1239,181.805321,2.1182,0.7870,0.4256,5.4313
1240,181.935066,2.1656,0.7928,0.4272,5.4679
1241,182.062557,2.1617,0.8040,0.4147,5.4732
1242,182.200472,2.1071,0.7823,0.4010,5.4200
1243,182.327752,2.1246,0.7951,0.4120,5.4414
1244,182.463538,2.1179,0.7894,0.4141,5.4327
1245,182.603396,2.1056,0.7627,0.3999,5.4046
1246,182.732525,2.0667,0.7521,0.4035,5.3704
1247,182.868946,2.0211,0.7288,0.4066,5.3223
1248,182.999767,2.0375,0.7500,0.3981,5.3488
1249,183.128524,2.0749,0.7791,0.3845,5.3954
1250,183.266195,2.0463,0.7753,0.3846,5.3731
1251,183.398436,2.0739,0.8032,0.3821,5.4123
1252,183.531242,2.1151,0.8235,0.3810,5.4553
1253,183.665539,2.1128,0.8323,0.3921,5.4603
1254,183.798166,2.0907,0.8156,0.3992,5.4331
1255,183.934363,2.0812,0.7959,0.4020,5.4123
1256,184.070108,2.0670,0.7641,0.4023,5.3794
1257,184.196414,2.0943,0.7637,0.4101,5.3977
1258,184.330809,2.1064,0.7428,0.4064,5.3907
1259,184.471770,2.1113,0.6778,0.3799,5.3460
1260,184.600227,2.0922,0.6507,0.3952,5.3135
1261,184.733937,2.1498,0.6478,0.3892,5.3505
1262,184.865294,2.2015,0.6729,0.3872,5.4040
1263,185.017077,2.2048,0.6661,0.3917,5.4014
1264,185.154103,2.1808,0.6522,0.3900,5.3748
1265,185.264056,2.1372,0.6385,0.3918,5.3351
1266,185.400990,2.1531,0.6608,0.3797,5.3621
1267,185.537624,2.1497,0.6679,0.3823,5.3650
1268,185.685867,2.1435,0.6642,0.3901,5.3582
1269,185.801178,2.1325,0.6756,0.3839,5.3590
1270,185.931271,2.1243,0.6756,0.3855,5.3534
1271,186.067088,2.1094,0.6627,0.3865,5.3338
1272,186.200373,2.0969,0.6575,0.3877,5.3215
1273,186.333862,2.0969,0.6567,0.3907,5.3210
1274,186.469143,2.0948,0.6471,0.3826,5.3124
1275,186.609019,2.1415,0.6744,0.3945,5.3644
1276,186.732408,2.1307,0.6903,0.3863,5.3685
1277,186.876925,2.1332,0.6792,0.3847,5.3621
1278,186.999430,2.1531,0.7032,0.3834,5.3932
1279,187.138098,2.2477,0.7802,0.3992,5.5142
1280,187.266416,2.2662,0.8105,0.3887,5.5489
1281,187.394674,2.2692,0.8240,0.3911,5.5608
1282,187.529918,2.2805,0.8488,0.3829,5.5865
1283,187.667444,2.2405,0.8273,0.3925,5.5436
1284,187.799093,2.1989,0.7995,0.3915,5.4950
1285,187.934751,2.1564,0.7746,0.4046,5.4480
1286,188.072243,2.0900,0.7238,0.4140,5.3657
1287,188.199688,1.9877,0.6524,0.4184,5.2438
1288,188.335513,1.8544,0.5404,0.4411,5.0713
1289,188.467161,1.9145,0.5847,0.4223,5.1445
1290,188.597519,1.9803,0.6389,0.4059,5.2287
1291,188.737953,1.9927,0.6509,0.4024,5.2459
1292,188.872190,1.7444,0.4558,0.4480,4.9346
1293,188.999331,1.5676,0.3128,0.4683,4.7097
1294,189.136007,1.6939,0.4147,0.4419,4.8700
1295,189.283407,1.5284,0.2793,0.4669,4.6585
1296,189.406181,1.4454,0.2139,0.4717,4.5541
1297,189.537104,1.6020,0.3390,0.4458,4.7520
1298,189.670918,1.7866,0.4835,0.4130,4.9831
1299,189.808559,1.9005,0.5697,0.4044,5.1237
1300,189.937526,1.9466,0.5993,0.4146,5.1769
1301,190.076192,1.6939,0.4024,0.4638,4.8613
1302,190.208348,1.8574,0.5123,0.4223,5.0525
1303,190.348028,2.0426,0.6303,0.3978,5.2648
1304,190.473295,2.1954,0.7355,0.3758,5.4455
1305,190.608689,2.2868,0.7868,0.3566,5.5451
1306,190.738408,2.3637,0.7982,0.3547,5.6058
1307,190.875921,2.4483,0.8224,0.3642,5.6813
1308,191.006176,2.4617,0.8071,0.3652,5.6792
1309,191.136094,2.4631,0.8245,0.3626,5.6929
1310,191.271197,2.4693,0.8632,0.3595,5.7254
1311,191.405418,2.4054,0.8858,0.3418,5.6981
1312,191.536114,2.3315,0.8808,0.3323,5.6440
1313,191.677314,2.3272,0.9098,0.3454,5.6625
1314,191.796844,2.2766,0.9019,0.3428,5.6222
1315,191.932443,2.2210,0.8742,0.3331,5.5639
1316,192.073673,2.1604,0.8903,0.3321,5.5343
1317,192.214031,2.1197,0.9478,0.3385,5.5488
1318,192.338383,2.0314,0.9633,0.3353,5.4999
1319,192.475946,1.8996,0.9103,0.3241,5.3712
1320,192.603017,1.8183,0.8623,0.3234,5.2807
1321,192.740707,1.7378,0.8110,0.3222,5.1883
1322,192.874887,1.6779,0.7696,0.3154,5.1170
1323,193.025983,1.6281,0.7305,0.3068,5.0544
1324,193.168077,1.6057,0.7068,0.3165,5.0219
1325,193.307296,1.5627,0.6601,0.3146,4.9584
1326,193.456337,1.4967,0.6062,0.3127,4.8740
1327,193.581212,1.4007,0.5372,0.2998,4.7579
1328,193.705835,1.3030,0.4807,0.2872,4.6498
1329,193.848387,1.2074,0.4550,0.2993,4.5660
